Context	A	gravity	Cream	Fold	Head	Duplicate
Raw	Quantum	leap	Cylinder	Fuel	Gas	Maze
Filter	Trim	linear	Height	Home	Build	Upper
Data	In	circle	Smoke	Tour	Dynamic	Until
Grid	Pressure	release	Arrow	Work	Structure	Column
Information	Tag	target	Project	Medical	Tip	Revise
Paragraph	Asterisk	sector	Bit	Shade	Device	Limit
Socket	Ratio	format	Letter	Cup	Count	Repeat
Tape	Trace	new	Grain	Packet	Energy	Valve
Channel	Package	step	Date	File	Machine	Important
Standard	Dimension	axis	Time	Piece	Straight	Rational
Diary	Object	move	Write	Mark	Touch	Contrast
Code	By	circuit	Read	Deliver	Term	Above
Message	Symbol	adapt	Year	Sample	Set	Complete
Property	Multi	platform	Number	Value	Instrument	Create
Card	Identity	sequence	Order	Dial	Clock	Below
Frame	Area	curve	Media	Link	Star	Proportion
Hash	Pool	generate	Favourite	Cover	Belt	Secret
Tier	Site	priority	Union	Switch	Panel	About
Sort	Root	drive	Via	Transparent	Thread	Quotient
Space	Fine	gear	Enter	Rule	Pair	Record
Register	Account	dictionary	Jar	Custom	Boundary	Ledger
Spell	Element	tune	Integer	Play	Ready	Rather
View	Room	pass	Quote	Routine	Index	Row
Span	Estimate	coil	Zoom	Condition	Plate	Still
Bracket	Temporary	block	Key	Unit	Check	Lower
Grade	List	interest	X	Layer	Band	Coast
Category	Library	board	Group	Class	Construct	Destruct