Ship	Fill	Passive	Active	Party	Protocol	Freeze	Fire	Flow	Examine	Bid	Wake	Aspect	Corner	Search	Practice	Content	Volume	Ledger	Creation	Dictionary	Commit	Scroll	Loan	Feature	State
Shark	Crane	Margosa	Betel	Sand	Equate	Grill	Bite	Read	Science	Bridge	Prize	Crop	Standard	Element	Source	Wheel	Environment	Tether	Communication	Long	Business	Coupon	Identity	Operate	Library
Leopard	Crocodile	Banana	Pumpkin	Calcium	Count	Sheet	Right	Link	Invent	Curve	Course	Captain	Dream	Visual	Zip	Number	Twilight	Throw	Establishment	Pot	Plant	Sachet	Society	Curtain	Function
Eagle	Mammoth	Pine	Mentha	Alcohol	Capacity	Quote	Think	Pile	Store	Plate	Cylinder	Slate	Notice	Claim	Heat	While	Display	Open	Entertainment	Grid	Direct	Board	Quantity	Mixture	Assembly
Seahorse	Kangaroo	Bael	Henna	Radium	Composite	Sleeve	Guess	Secure	Sketch	Level	Amplify	Cast	Property	Fort	Liquid	Medium	Stripe	Paint	Retrospective	Pin	Sector	Valid	Quality	Risk	Instrument
Penguin	Dove	Sandal	Mustard	Granite	Finite	Spell	Run	Paste	Touch	Expert	Piece	Unit	Local	Fan	List	Gel	Control	Tour	Assistance	Rope	Unique	Build	Security	Charge	Buffer
Chimpanzee	Squirrel	Palm	Ginger	Carbon	Much	Watch	Limit	Pass	File	Chip	Sharp	Sort	Cross	Spread	Cup	Dear	Grant	Tunnel	Magnetism	Stop	Station	Rent	Symmetry	Load	Canteen
Cat	Scorpion	Bamboo	Chilli	Graphite	Main	Box	Dive	Wall	Soup	Task	Top	Port	Interest	Seal	Time	Live	This	Scale	Movement	Poll	Antique	Draw	Gravity	Scope	Experiment
Ostrich	Dalmatian	Mangrove	Pepper	Titanium	Vital	Ring	Type	Event	Army	Test	Compact	Current	Concept	Schedule	Pack	Paper	Applicant	Rule	Calibration	Swap	Bundle	Trust	Completely	Either	Bank
Centipede	Swiftlet	Horseradish	Thankuni	Coal	Gear	Signature	Hype	Crush	Lift	Enter	Family	Batch	Patent	Meet	Plug	Chain	Respect	Label	Celebration	Lot	Journey	Screw	Analogy	Edible	Extension
Owl	Firefly	Jute	Whey	Aluminium	Spin	Rail	Way	Host	Check	Anchor	Physic	Project	Guide	Clear	Band	Parse	Cord	Signal	Cooking	Short	Bullet	Weight	Sanctuary	Learn	Rocket
Jelly	Kite	Rubber	Holy Basil	Iodine	Print	Dish	Post	Tune	Order	Step	Option	Book	Argument	Connect	Tube	Bill	Tape	Clay	Competition	Rotate	Trillion	Copy	Chemistry	Circle	Percentage
Angel	Kingfisher	Banyan	Incense	Soda	Page	Metal	Belt	Bracket	Daily	Smooth	Colon	Process	Card	Grade	Toast	Sense	Note	Fit	Simulation	Point	Boat	Van	Justify	Click	Computer
Meerkat	Eel	Cactus	Leaf	Gas	Border	Robot	Work	Language	Cover	Piston	Probe	Site	Utility	Value	New	Swipe	Paragraph	Delta	Algorithm	Knob	Result	Theme	Questionary	Escape	Area
Wolf	Lamb	Cotton	Coconut	Water	Cable	Up	Kind	Continue	Form	Brush	Mask	Graph	Device	Back	Article	Character	Lane	Blink	Calculation	Rate	Gift	Normal	Numerology	Button	Some
Piranha	Butterfly	Lotus	Saffron	Sulphur	Bold	Choice	Over	Sample	Pair	Map	Win	Theory	Full	Sack	Common	Key	Plot	Total	Education	Wing	Inclusive	Route	Ready	Close	Lease
Yak	Bat	Spinach	Marigold	Thread	Mark	Position	Gesture	Smile	Coin	Divide	Code	Flag	Assign	Jack	Coil	Save	Account	Candle	Institute	Cone	Template	Hat	Opportunity	Margin	Cash
Bee	Chameleon	Papaya	Vegetable	Pipe	Cap	It	Frame	Temperature	Set	Channel	Couple	Term	Capital	Gap	Stream	Sure	Smart	Queue	Online	Tick	Submit	Trial	Hungry	Guard	Tender
Dragonfly	Rhinoceros	Hog Plum	Pickle	Hole	Fact	Colour	About	Layer	Ratio	Survey	Light	Stick	Verse	Mono	Cabin	Find	Base	Double	Synchronization	Cube	Positive	Dynamic	Easy	Clean	Garment
Mouse	Peacock	Sugarcane	Moss	Lamp	Room	Thing	Good	Acrobat	Pocket	Relay	Group	Off	Truth	Agent	Invert	Chief	Table	Velvet	Navigation	Quick	Attribute	Aisle	Anomaly	Voice	Context
Feather	Milky	Potato	Mimosa	Mina	Shape	Track	Mean	Mind	Bag	Tank	Compile	Routine	Arrow	Side	First	Other	Mirror	Linear	Remote	Spark	Sound	Opinion	Trolley	Estimate	Neighbour
Cricket	Koel	Pomegranate	Insectivorous	Bind	Vent	Who	Fancy	Express	Call	Shift	Case	Deep	Drama	Status	Style	Elapse	Gate	Radio	Bottle	Zoom	Entity	Chimney	Unity	Ticket	Avenue
Oscar	Tiger	Grass	Nut	Crystal	Bend	Star	Chance	Tally	Use	Access	Random	Drop	Float	Jump	Cancel	Hint	Oval	Force	Summation	Pure	Chill	Block	Charity	Town	Bounce
Cobra	Rattle	Tuberose	Onion	Oxygen	Break	Left	Ask	Size	Know	Peer	Problem	Job	Seed	Stack	Clock	Free	Dock	Date	Adjective	Get	Court	Constant	Wealthy	Calendar	Market
Parrot	Swan	Pea	Lemon	Glycerin	Range	Chair	Place	Wild	No	Power	Tag	Needle	Custom	School	Class	Subject	Chapter	Middle	Injection	Setting	Stock	Summary	Machinery	Practical	Forward
Spider	Bulbul	Tea	Caffeine	Fabric	Carry	Real	Different	Fix	Near	Glide	Serial	Cue	Trip	Entry	Digit	Original	Logic	Document	Classification	Filter	Soccer	Future	Availability	Knife	Trade
Lion	Bacteria	Cannabis	Chlorophyll	Potassium	Clip	Space	Smell	Mode	Now	Turbo	Foreign	Turn	Handle	Miss	Product	Matter	Rare	Asset	Astronomy	Omni	Hybrid	God	Objectify	Model	Sentence
Balance	Hook	Design	Scheme	Spot	Bell	Dry	Core	Mass	Do	Engage	Next	Contact	Address	Frequency	Cell	Team	Cloud	Complex	Law	Friend	Action	Light	Game	Joint	Umbrella