reference	form	scalar	vector	behaviour	club	consent
get	source	card	work	borrow	tense	coin
first	key	model	gyro	grammar	test	layout
last	meta	graphs	pixel	state	now	batch
update	difference	stamp	effect	safe	cover	circuit
add	data	structure	meet	fix	objects	gross
find	piece	control	from	act	cloud	deliver
delete	clause	demon	which	talent	any	with
chunk	space	branch	vision	sync	these	root
part	bank	grade	spread	ground	hall	hook
sort	logic	slip	cost	gadget	thrown	side
reset	envelop	medium	concern	magic	stamp	tablet
modified	instruction	thread	bias	story	distract	rope
truncate	route	ring	acronym	carry	aim	engine
history	store	script	brief	scope	portray	lag
tag	view	type	tube	hack	clear	fact
zip	security	stream	dice	dense	hang	party
group	channel	address	correct	vigilance	nucleus	name
order	insurance	reminder	arrow	wheel	ghost	tip
session	version	derivative	solve	dynamo	kill	principal
information	signature	volume	parse	optic	corner	seek
track	serial	task	climate	moon	bonsai	drill
unique	use	series	seal	excel	lyric	race
argument	range	function	thumb	station	horn	mesh
format	pointer	port	tail	power	pool	point
current	read	buffer	pyramid	flex	battery	board
mat	check	bracket	turn	wave	elite	project
associative	classic	primitive	example	signal	distribute	span