Laboratory	Chamber	Apartment	Colony	Out	Organization	Wash
Satellite	Cycle	Prime	-	-	-	-
Matrix	Slab	Treat	-	-	-	-
Metric	Paddle	Multitude	-	-	-	-
House	Logo	Compare	-	-	-	-
Field	Door	Edge	-	-	-	-
Develop	Degree	Percent	-	-	-	-
Exist	Clone	Twist	-	-	-	-
Basket	Query	Amount	-	-	-	-
Catch	Formula	Cheat	-	-	-	-
Wrap	Rack	Plan	-	-	-	-
Tray	Pen	Wire	-	-	-	-
Offer	Match	Empty	-	-	-	-
Chalk	Fuse	Compound	-	-	-	-
Loop	Lock	Busy	-	-	-	-
Supply	Comment	Few	-	-	-	-
Stitch	Try	Question	-	-	-	-
Probability	Alarm	True	-	-	-	-
Fashion	Jet	Often	-	-	-	-
Lid	Body	Interface	-	-	-	-
Mix	Parallel	Encyclopaedia	-	-	-	-
Micro	Part	Enterprise	-	-	-	-
Tone	Lens	Electric	-	-	-	-
Texture	Sit	Come	-	-	-	-
Disk	Soap	Comma	-	-	-	-
Align	Spring	Art	-	-	-	-
Currency	Strike	Diet	-	-	-	-
Arc	Module	Contract	Issue	Consume	Program	English